trial_order,trial_id,trial_type_id,trial_aux_data,excluded,exclusion_reason
1,0,0,NA,FALSE,NA
2,13,1,NA,FALSE,NA
3,26,2,NA,FALSE,NA
4,39,3,NA,FALSE,NA
5,52,4,NA,FALSE,NA
6,65,5,NA,FALSE,NA
8,78,6,NA,FALSE,NA
9,91,7,NA,FALSE,NA
10,104,8,NA,FALSE,NA
11,117,9,NA,FALSE,NA
12,130,10,NA,FALSE,NA
13,143,11,NA,FALSE,NA
15,156,4,NA,FALSE,NA
16,169,12,NA,FALSE,NA
17,182,13,NA,FALSE,NA
18,195,6,NA,FALSE,NA
19,208,14,NA,FALSE,NA
20,221,15,NA,FALSE,NA
22,234,16,NA,FALSE,NA
23,247,17,NA,FALSE,NA
24,260,18,NA,FALSE,NA
25,273,19,NA,FALSE,NA
26,286,20,NA,FALSE,NA
27,299,21,NA,FALSE,NA
29,312,22,NA,FALSE,NA
30,324,14,NA,FALSE,NA
31,336,9,NA,FALSE,NA
32,347,15,NA,FALSE,NA
33,358,16,NA,FALSE,NA
34,368,7,NA,FALSE,NA
36,378,23,NA,FALSE,NA
37,387,10,NA,FALSE,NA
38,397,0,NA,FALSE,NA
39,407,1,NA,FALSE,NA
40,417,8,NA,FALSE,NA
41,427,11,NA,FALSE,NA
1,1,0,NA,FALSE,NA
2,14,1,NA,FALSE,NA
3,27,2,NA,FALSE,NA
4,40,3,NA,FALSE,NA
5,53,4,NA,FALSE,NA
6,66,5,NA,FALSE,NA
8,79,6,NA,FALSE,NA
9,92,7,NA,FALSE,NA
10,105,8,NA,FALSE,NA
11,118,9,NA,FALSE,NA
12,131,10,NA,FALSE,NA
13,144,11,NA,FALSE,NA
15,157,4,NA,FALSE,NA
16,170,12,NA,FALSE,NA
17,183,13,NA,FALSE,NA
18,196,6,NA,FALSE,NA
19,209,14,NA,FALSE,NA
20,222,15,NA,FALSE,NA
22,235,16,NA,FALSE,NA
23,248,17,NA,FALSE,NA
24,261,18,NA,FALSE,NA
25,274,19,NA,FALSE,NA
26,287,20,NA,FALSE,NA
27,300,21,NA,FALSE,NA
29,313,22,NA,FALSE,NA
30,325,14,NA,FALSE,NA
31,337,9,NA,FALSE,NA
32,348,15,NA,FALSE,NA
1,2,0,NA,FALSE,NA
2,15,1,NA,FALSE,NA
3,28,2,NA,FALSE,NA
4,41,3,NA,FALSE,NA
5,54,4,NA,FALSE,NA
6,67,5,NA,FALSE,NA
8,80,6,NA,FALSE,NA
9,93,7,NA,FALSE,NA
10,106,8,NA,FALSE,NA
11,119,9,NA,FALSE,NA
12,132,10,NA,FALSE,NA
13,145,11,NA,FALSE,NA
15,158,4,NA,FALSE,NA
16,171,12,NA,FALSE,NA
17,184,13,NA,FALSE,NA
18,197,6,NA,FALSE,NA
19,210,14,NA,FALSE,NA
20,223,15,NA,FALSE,NA
22,236,16,NA,FALSE,NA
23,249,17,NA,FALSE,NA
24,262,18,NA,FALSE,NA
25,275,19,NA,FALSE,NA
26,288,20,NA,FALSE,NA
27,301,21,NA,FALSE,NA
29,314,22,NA,FALSE,NA
30,326,14,NA,FALSE,NA
31,338,9,NA,FALSE,NA
32,349,15,NA,FALSE,NA
33,359,16,NA,FALSE,NA
34,369,7,NA,FALSE,NA
36,379,23,NA,FALSE,NA
37,388,10,NA,FALSE,NA
38,398,0,NA,FALSE,NA
39,408,1,NA,FALSE,NA
40,418,8,NA,FALSE,NA
41,428,11,NA,FALSE,NA
1,3,0,NA,FALSE,NA
2,16,1,NA,FALSE,NA
3,29,2,NA,FALSE,NA
4,42,3,NA,FALSE,NA
5,55,4,NA,FALSE,NA
6,68,5,NA,FALSE,NA
8,81,6,NA,FALSE,NA
9,94,7,NA,FALSE,NA
10,107,8,NA,FALSE,NA
11,120,9,NA,FALSE,NA
12,133,10,NA,FALSE,NA
13,146,11,NA,FALSE,NA
15,159,4,NA,FALSE,NA
16,172,12,NA,FALSE,NA
17,185,13,NA,FALSE,NA
18,198,6,NA,FALSE,NA
19,211,14,NA,FALSE,NA
20,224,15,NA,FALSE,NA
22,237,16,NA,FALSE,NA
23,250,17,NA,FALSE,NA
24,263,18,NA,FALSE,NA
25,276,19,NA,FALSE,NA
26,289,20,NA,FALSE,NA
27,302,21,NA,FALSE,NA
29,315,22,NA,FALSE,NA
30,327,14,NA,FALSE,NA
31,339,9,NA,FALSE,NA
32,350,15,NA,FALSE,NA
33,360,16,NA,FALSE,NA
34,370,7,NA,FALSE,NA
36,380,23,NA,FALSE,NA
37,389,10,NA,FALSE,NA
38,399,0,NA,FALSE,NA
39,409,1,NA,FALSE,NA
40,419,8,NA,FALSE,NA
41,429,11,NA,FALSE,NA
1,4,0,NA,FALSE,NA
2,17,1,NA,FALSE,NA
3,30,2,NA,FALSE,NA
4,43,3,NA,FALSE,NA
5,56,4,NA,FALSE,NA
6,69,5,NA,FALSE,NA
8,82,6,NA,FALSE,NA
9,95,7,NA,FALSE,NA
10,108,8,NA,FALSE,NA
11,121,9,NA,FALSE,NA
12,134,10,NA,FALSE,NA
13,147,11,NA,FALSE,NA
15,160,4,NA,FALSE,NA
16,173,12,NA,FALSE,NA
17,186,13,NA,FALSE,NA
18,199,6,NA,FALSE,NA
19,212,14,NA,FALSE,NA
20,225,15,NA,FALSE,NA
22,238,16,NA,FALSE,NA
23,251,17,NA,FALSE,NA
24,264,18,NA,FALSE,NA
25,277,19,NA,FALSE,NA
26,290,20,NA,FALSE,NA
27,303,21,NA,FALSE,NA
1,5,0,NA,FALSE,NA
2,18,1,NA,FALSE,NA
3,31,2,NA,FALSE,NA
4,44,3,NA,FALSE,NA
5,57,4,NA,FALSE,NA
6,70,5,NA,FALSE,NA
8,83,6,NA,FALSE,NA
9,96,7,NA,FALSE,NA
10,109,8,NA,FALSE,NA
11,122,9,NA,FALSE,NA
12,135,10,NA,FALSE,NA
13,148,11,NA,FALSE,NA
15,161,4,NA,FALSE,NA
16,174,12,NA,FALSE,NA
17,187,13,NA,FALSE,NA
18,200,6,NA,FALSE,NA
19,213,14,NA,FALSE,NA
20,226,15,NA,FALSE,NA
22,239,16,NA,FALSE,NA
23,252,17,NA,FALSE,NA
24,265,18,NA,FALSE,NA
25,278,19,NA,FALSE,NA
26,291,20,NA,FALSE,NA
27,304,21,NA,FALSE,NA
29,316,22,NA,FALSE,NA
30,328,14,NA,FALSE,NA
1,6,0,NA,FALSE,NA
2,19,1,NA,FALSE,NA
3,32,2,NA,FALSE,NA
4,45,3,NA,FALSE,NA
5,58,4,NA,FALSE,NA
6,71,5,NA,FALSE,NA
8,84,6,NA,FALSE,NA
9,97,7,NA,FALSE,NA
10,110,8,NA,FALSE,NA
11,123,9,NA,FALSE,NA
12,136,10,NA,FALSE,NA
13,149,11,NA,FALSE,NA
15,162,4,NA,FALSE,NA
16,175,12,NA,FALSE,NA
17,188,13,NA,FALSE,NA
18,201,6,NA,FALSE,NA
19,214,14,NA,FALSE,NA
20,227,15,NA,FALSE,NA
22,240,16,NA,FALSE,NA
23,253,17,NA,FALSE,NA
24,266,18,NA,FALSE,NA
25,279,19,NA,FALSE,NA
26,292,20,NA,FALSE,NA
27,305,21,NA,FALSE,NA
29,317,22,NA,FALSE,NA
30,329,14,NA,FALSE,NA
31,340,9,NA,FALSE,NA
32,351,15,NA,FALSE,NA
33,361,16,NA,FALSE,NA
34,371,7,NA,FALSE,NA
36,381,23,NA,FALSE,NA
37,390,10,NA,FALSE,NA
38,400,0,NA,FALSE,NA
39,410,1,NA,FALSE,NA
40,420,8,NA,FALSE,NA
41,430,11,NA,FALSE,NA
1,7,0,NA,FALSE,NA
2,20,1,NA,FALSE,NA
3,33,2,NA,FALSE,NA
4,46,3,NA,FALSE,NA
5,59,4,NA,FALSE,NA
6,72,5,NA,FALSE,NA
8,85,6,NA,FALSE,NA
9,98,7,NA,FALSE,NA
10,111,8,NA,FALSE,NA
11,124,9,NA,FALSE,NA
12,137,10,NA,FALSE,NA
13,150,11,NA,FALSE,NA
15,163,4,NA,FALSE,NA
16,176,12,NA,FALSE,NA
17,189,13,NA,FALSE,NA
18,202,6,NA,FALSE,NA
19,215,14,NA,FALSE,NA
20,228,15,NA,FALSE,NA
22,241,16,NA,FALSE,NA
23,254,17,NA,FALSE,NA
24,267,18,NA,FALSE,NA
25,280,19,NA,FALSE,NA
26,293,20,NA,FALSE,NA
27,306,21,NA,FALSE,NA
29,318,22,NA,FALSE,NA
30,330,14,NA,FALSE,NA
31,341,9,NA,FALSE,NA
32,352,15,NA,FALSE,NA
33,362,16,NA,FALSE,NA
34,372,7,NA,FALSE,NA
37,391,10,NA,FALSE,NA
38,401,0,NA,FALSE,NA
39,411,1,NA,FALSE,NA
40,421,8,NA,FALSE,NA
41,431,11,NA,FALSE,NA
1,8,0,NA,FALSE,NA
2,21,1,NA,FALSE,NA
3,34,2,NA,FALSE,NA
4,47,3,NA,FALSE,NA
5,60,4,NA,FALSE,NA
6,73,5,NA,FALSE,NA
8,86,6,NA,FALSE,NA
9,99,7,NA,FALSE,NA
10,112,8,NA,FALSE,NA
11,125,9,NA,FALSE,NA
12,138,10,NA,FALSE,NA
13,151,11,NA,FALSE,NA
15,164,4,NA,FALSE,NA
16,177,12,NA,FALSE,NA
17,190,13,NA,FALSE,NA
18,203,6,NA,FALSE,NA
19,216,14,NA,FALSE,NA
20,229,15,NA,FALSE,NA
22,242,16,NA,FALSE,NA
23,255,17,NA,FALSE,NA
24,268,18,NA,FALSE,NA
25,281,19,NA,FALSE,NA
26,294,20,NA,FALSE,NA
27,307,21,NA,FALSE,NA
29,319,22,NA,FALSE,NA
30,331,14,NA,FALSE,NA
31,342,9,NA,FALSE,NA
32,353,15,NA,FALSE,NA
33,363,16,NA,FALSE,NA
34,373,7,NA,FALSE,NA
36,382,23,NA,FALSE,NA
37,392,10,NA,FALSE,NA
38,402,0,NA,FALSE,NA
39,412,1,NA,FALSE,NA
40,422,8,NA,FALSE,NA
41,432,11,NA,FALSE,NA
1,9,0,NA,FALSE,NA
2,22,1,NA,FALSE,NA
3,35,2,NA,FALSE,NA
4,48,3,NA,FALSE,NA
5,61,4,NA,FALSE,NA
6,74,5,NA,FALSE,NA
8,87,6,NA,FALSE,NA
9,100,7,NA,FALSE,NA
10,113,8,NA,FALSE,NA
11,126,9,NA,FALSE,NA
12,139,10,NA,FALSE,NA
13,152,11,NA,FALSE,NA
15,165,4,NA,FALSE,NA
16,178,12,NA,FALSE,NA
17,191,13,NA,FALSE,NA
18,204,6,NA,FALSE,NA
19,217,14,NA,FALSE,NA
20,230,15,NA,FALSE,NA
22,243,16,NA,FALSE,NA
23,256,17,NA,FALSE,NA
24,269,18,NA,FALSE,NA
25,282,19,NA,FALSE,NA
26,295,20,NA,FALSE,NA
27,308,21,NA,FALSE,NA
29,320,22,NA,FALSE,NA
30,332,14,NA,FALSE,NA
31,343,9,NA,FALSE,NA
32,354,15,NA,FALSE,NA
33,364,16,NA,FALSE,NA
34,374,7,NA,FALSE,NA
36,383,23,NA,FALSE,NA
37,393,10,NA,FALSE,NA
38,403,0,NA,FALSE,NA
39,413,1,NA,FALSE,NA
40,423,8,NA,FALSE,NA
41,433,11,NA,FALSE,NA
1,10,0,NA,FALSE,NA
2,23,1,NA,FALSE,NA
3,36,2,NA,FALSE,NA
4,49,3,NA,FALSE,NA
5,62,4,NA,FALSE,NA
6,75,5,NA,FALSE,NA
8,88,6,NA,FALSE,NA
9,101,7,NA,FALSE,NA
10,114,8,NA,FALSE,NA
11,127,9,NA,FALSE,NA
12,140,10,NA,FALSE,NA
13,153,11,NA,FALSE,NA
15,166,4,NA,FALSE,NA
16,179,12,NA,FALSE,NA
17,192,13,NA,FALSE,NA
18,205,6,NA,FALSE,NA
19,218,14,NA,FALSE,NA
20,231,15,NA,FALSE,NA
22,244,16,NA,FALSE,NA
23,257,17,NA,FALSE,NA
24,270,18,NA,FALSE,NA
25,283,19,NA,FALSE,NA
26,296,20,NA,FALSE,NA
27,309,21,NA,FALSE,NA
29,321,22,NA,FALSE,NA
30,333,14,NA,FALSE,NA
31,344,9,NA,FALSE,NA
32,355,15,NA,FALSE,NA
33,365,16,NA,FALSE,NA
34,375,7,NA,FALSE,NA
36,384,23,NA,FALSE,NA
37,394,10,NA,FALSE,NA
38,404,0,NA,FALSE,NA
39,414,1,NA,FALSE,NA
40,424,8,NA,FALSE,NA
41,434,11,NA,FALSE,NA
1,11,0,NA,FALSE,NA
2,24,1,NA,FALSE,NA
3,37,2,NA,FALSE,NA
4,50,3,NA,FALSE,NA
5,63,4,NA,FALSE,NA
6,76,5,NA,FALSE,NA
8,89,6,NA,FALSE,NA
9,102,7,NA,FALSE,NA
10,115,8,NA,FALSE,NA
11,128,9,NA,FALSE,NA
12,141,10,NA,FALSE,NA
13,154,11,NA,FALSE,NA
15,167,4,NA,FALSE,NA
16,180,12,NA,FALSE,NA
17,193,13,NA,FALSE,NA
18,206,6,NA,FALSE,NA
19,219,14,NA,FALSE,NA
20,232,15,NA,FALSE,NA
22,245,16,NA,FALSE,NA
23,258,17,NA,FALSE,NA
24,271,18,NA,FALSE,NA
25,284,19,NA,FALSE,NA
26,297,20,NA,FALSE,NA
27,310,21,NA,FALSE,NA
29,322,22,NA,FALSE,NA
30,334,14,NA,FALSE,NA
31,345,9,NA,FALSE,NA
32,356,15,NA,FALSE,NA
33,366,16,NA,FALSE,NA
34,376,7,NA,FALSE,NA
36,385,23,NA,FALSE,NA
37,395,10,NA,FALSE,NA
38,405,0,NA,FALSE,NA
39,415,1,NA,FALSE,NA
40,425,8,NA,FALSE,NA
41,435,11,NA,FALSE,NA
1,12,0,NA,FALSE,NA
2,25,1,NA,FALSE,NA
3,38,2,NA,FALSE,NA
4,51,3,NA,FALSE,NA
5,64,4,NA,FALSE,NA
6,77,5,NA,FALSE,NA
8,90,6,NA,FALSE,NA
9,103,7,NA,FALSE,NA
10,116,8,NA,FALSE,NA
11,129,9,NA,FALSE,NA
12,142,10,NA,FALSE,NA
13,155,11,NA,FALSE,NA
15,168,4,NA,FALSE,NA
16,181,12,NA,FALSE,NA
17,194,13,NA,FALSE,NA
18,207,6,NA,FALSE,NA
19,220,14,NA,FALSE,NA
20,233,15,NA,FALSE,NA
22,246,16,NA,FALSE,NA
23,259,17,NA,FALSE,NA
24,272,18,NA,FALSE,NA
25,285,19,NA,FALSE,NA
26,298,20,NA,FALSE,NA
27,311,21,NA,FALSE,NA
29,323,22,NA,FALSE,NA
30,335,14,NA,FALSE,NA
31,346,9,NA,FALSE,NA
32,357,15,NA,FALSE,NA
33,367,16,NA,FALSE,NA
34,377,7,NA,FALSE,NA
36,386,23,NA,FALSE,NA
37,396,10,NA,FALSE,NA
38,406,0,NA,FALSE,NA
39,416,1,NA,FALSE,NA
40,426,8,NA,FALSE,NA
41,436,11,NA,FALSE,NA
1,437,24,NA,FALSE,NA
2,445,25,NA,FALSE,NA
3,453,26,NA,FALSE,NA
4,461,27,NA,FALSE,NA
5,469,28,NA,FALSE,NA
6,477,29,NA,FALSE,NA
8,485,30,NA,FALSE,NA
9,493,31,NA,FALSE,NA
10,501,32,NA,FALSE,NA
11,509,33,NA,FALSE,NA
12,517,34,NA,FALSE,NA
13,525,35,NA,FALSE,NA
15,533,28,NA,FALSE,NA
16,541,36,NA,FALSE,NA
17,549,37,NA,FALSE,NA
18,557,30,NA,FALSE,NA
19,565,38,NA,FALSE,NA
20,573,39,NA,FALSE,NA
22,581,40,NA,FALSE,NA
23,589,41,NA,FALSE,NA
24,597,42,NA,FALSE,NA
25,605,43,NA,FALSE,NA
26,613,44,NA,FALSE,NA
27,621,45,NA,FALSE,NA
29,629,46,NA,FALSE,NA
30,637,38,NA,FALSE,NA
31,645,33,NA,FALSE,NA
32,653,39,NA,FALSE,NA
33,661,40,NA,FALSE,NA
34,668,31,NA,FALSE,NA
36,675,47,NA,FALSE,NA
37,682,34,NA,FALSE,NA
38,689,25,NA,FALSE,NA
39,696,26,NA,FALSE,NA
40,703,32,NA,FALSE,NA
41,710,35,NA,FALSE,NA
1,438,24,NA,FALSE,NA
2,446,25,NA,FALSE,NA
3,454,26,NA,FALSE,NA
4,462,27,NA,FALSE,NA
5,470,28,NA,FALSE,NA
6,478,29,NA,FALSE,NA
8,486,30,NA,FALSE,NA
9,494,31,NA,FALSE,NA
10,502,32,NA,FALSE,NA
11,510,33,NA,FALSE,NA
12,518,34,NA,FALSE,NA
13,526,35,NA,FALSE,NA
15,534,28,NA,FALSE,NA
16,542,36,NA,FALSE,NA
17,550,37,NA,FALSE,NA
18,558,30,NA,FALSE,NA
19,566,38,NA,FALSE,NA
20,574,39,NA,FALSE,NA
22,582,40,NA,FALSE,NA
23,590,41,NA,FALSE,NA
24,598,42,NA,FALSE,NA
25,606,43,NA,FALSE,NA
26,614,44,NA,FALSE,NA
27,622,45,NA,FALSE,NA
29,630,46,NA,FALSE,NA
30,638,38,NA,FALSE,NA
31,646,33,NA,FALSE,NA
32,654,39,NA,FALSE,NA
33,662,40,NA,FALSE,NA
34,669,31,NA,FALSE,NA
36,676,47,NA,FALSE,NA
37,683,34,NA,FALSE,NA
38,690,25,NA,FALSE,NA
39,697,26,NA,FALSE,NA
40,704,32,NA,FALSE,NA
41,711,35,NA,FALSE,NA
1,439,24,NA,FALSE,NA
2,447,25,NA,FALSE,NA
3,455,26,NA,FALSE,NA
4,463,27,NA,FALSE,NA
5,471,28,NA,FALSE,NA
6,479,29,NA,FALSE,NA
8,487,30,NA,FALSE,NA
9,495,31,NA,FALSE,NA
10,503,32,NA,FALSE,NA
11,511,33,NA,FALSE,NA
12,519,34,NA,FALSE,NA
13,527,35,NA,FALSE,NA
15,535,28,NA,FALSE,NA
16,543,36,NA,FALSE,NA
17,551,37,NA,FALSE,NA
18,559,30,NA,FALSE,NA
19,567,38,NA,FALSE,NA
20,575,39,NA,FALSE,NA
22,583,40,NA,FALSE,NA
23,591,41,NA,FALSE,NA
24,599,42,NA,FALSE,NA
25,607,43,NA,FALSE,NA
26,615,44,NA,FALSE,NA
27,623,45,NA,FALSE,NA
29,631,46,NA,FALSE,NA
30,639,38,NA,FALSE,NA
31,647,33,NA,FALSE,NA
32,655,39,NA,FALSE,NA
33,663,40,NA,FALSE,NA
34,670,31,NA,FALSE,NA
36,677,47,NA,FALSE,NA
37,684,34,NA,FALSE,NA
38,691,25,NA,FALSE,NA
39,698,26,NA,FALSE,NA
40,705,32,NA,FALSE,NA
41,712,35,NA,FALSE,NA
1,440,24,NA,FALSE,NA
2,448,25,NA,FALSE,NA
3,456,26,NA,FALSE,NA
4,464,27,NA,FALSE,NA
5,472,28,NA,FALSE,NA
6,480,29,NA,FALSE,NA
8,488,30,NA,FALSE,NA
9,496,31,NA,FALSE,NA
10,504,32,NA,FALSE,NA
11,512,33,NA,FALSE,NA
12,520,34,NA,FALSE,NA
13,528,35,NA,FALSE,NA
15,536,28,NA,FALSE,NA
16,544,36,NA,FALSE,NA
17,552,37,NA,FALSE,NA
18,560,30,NA,FALSE,NA
19,568,38,NA,FALSE,NA
20,576,39,NA,FALSE,NA
22,584,40,NA,FALSE,NA
23,592,41,NA,FALSE,NA
24,600,42,NA,FALSE,NA
25,608,43,NA,FALSE,NA
26,616,44,NA,FALSE,NA
27,624,45,NA,FALSE,NA
29,632,46,NA,FALSE,NA
30,640,38,NA,FALSE,NA
31,648,33,NA,FALSE,NA
32,656,39,NA,FALSE,NA
1,441,24,NA,FALSE,NA
2,449,25,NA,FALSE,NA
3,457,26,NA,FALSE,NA
4,465,27,NA,FALSE,NA
5,473,28,NA,FALSE,NA
6,481,29,NA,FALSE,NA
8,489,30,NA,FALSE,NA
9,497,31,NA,FALSE,NA
10,505,32,NA,FALSE,NA
11,513,33,NA,FALSE,NA
12,521,34,NA,FALSE,NA
13,529,35,NA,FALSE,NA
15,537,28,NA,FALSE,NA
16,545,36,NA,FALSE,NA
17,553,37,NA,FALSE,NA
18,561,30,NA,FALSE,NA
19,569,38,NA,FALSE,NA
20,577,39,NA,FALSE,NA
22,585,40,NA,FALSE,NA
23,593,41,NA,FALSE,NA
24,601,42,NA,FALSE,NA
25,609,43,NA,FALSE,NA
26,617,44,NA,FALSE,NA
27,625,45,NA,FALSE,NA
29,633,46,NA,FALSE,NA
30,641,38,NA,FALSE,NA
31,649,33,NA,FALSE,NA
32,657,39,NA,FALSE,NA
33,664,40,NA,FALSE,NA
34,671,31,NA,FALSE,NA
36,678,47,NA,FALSE,NA
37,685,34,NA,FALSE,NA
38,692,25,NA,FALSE,NA
39,699,26,NA,FALSE,NA
40,706,32,NA,FALSE,NA
41,713,35,NA,FALSE,NA
1,442,24,NA,FALSE,NA
2,450,25,NA,FALSE,NA
3,458,26,NA,FALSE,NA
4,466,27,NA,FALSE,NA
5,474,28,NA,FALSE,NA
6,482,29,NA,FALSE,NA
8,490,30,NA,FALSE,NA
9,498,31,NA,FALSE,NA
10,506,32,NA,FALSE,NA
11,514,33,NA,FALSE,NA
12,522,34,NA,FALSE,NA
13,530,35,NA,FALSE,NA
15,538,28,NA,FALSE,NA
16,546,36,NA,FALSE,NA
17,554,37,NA,FALSE,NA
18,562,30,NA,FALSE,NA
19,570,38,NA,FALSE,NA
20,578,39,NA,FALSE,NA
22,586,40,NA,FALSE,NA
23,594,41,NA,FALSE,NA
24,602,42,NA,FALSE,NA
25,610,43,NA,FALSE,NA
26,618,44,NA,FALSE,NA
27,626,45,NA,FALSE,NA
29,634,46,NA,FALSE,NA
30,642,38,NA,FALSE,NA
31,650,33,NA,FALSE,NA
32,658,39,NA,FALSE,NA
33,665,40,NA,FALSE,NA
34,672,31,NA,FALSE,NA
36,679,47,NA,FALSE,NA
37,686,34,NA,FALSE,NA
38,693,25,NA,FALSE,NA
39,700,26,NA,FALSE,NA
40,707,32,NA,FALSE,NA
1,443,24,NA,FALSE,NA
2,451,25,NA,FALSE,NA
3,459,26,NA,FALSE,NA
4,467,27,NA,FALSE,NA
5,475,28,NA,FALSE,NA
6,483,29,NA,FALSE,NA
8,491,30,NA,FALSE,NA
9,499,31,NA,FALSE,NA
10,507,32,NA,FALSE,NA
11,515,33,NA,FALSE,NA
12,523,34,NA,FALSE,NA
13,531,35,NA,FALSE,NA
15,539,28,NA,FALSE,NA
16,547,36,NA,FALSE,NA
17,555,37,NA,FALSE,NA
18,563,30,NA,FALSE,NA
19,571,38,NA,FALSE,NA
20,579,39,NA,FALSE,NA
22,587,40,NA,FALSE,NA
23,595,41,NA,FALSE,NA
24,603,42,NA,FALSE,NA
25,611,43,NA,FALSE,NA
26,619,44,NA,FALSE,NA
27,627,45,NA,FALSE,NA
29,635,46,NA,FALSE,NA
30,643,38,NA,FALSE,NA
31,651,33,NA,FALSE,NA
32,659,39,NA,FALSE,NA
33,666,40,NA,FALSE,NA
34,673,31,NA,FALSE,NA
36,680,47,NA,FALSE,NA
37,687,34,NA,FALSE,NA
38,694,25,NA,FALSE,NA
39,701,26,NA,FALSE,NA
40,708,32,NA,FALSE,NA
41,714,35,NA,FALSE,NA
1,716,11,NA,FALSE,NA
2,729,8,NA,FALSE,NA
3,742,1,NA,FALSE,NA
4,755,0,NA,FALSE,NA
5,768,10,NA,FALSE,NA
6,781,23,NA,FALSE,NA
8,794,7,NA,FALSE,NA
9,807,16,NA,FALSE,NA
10,820,15,NA,FALSE,NA
11,833,9,NA,FALSE,NA
12,846,14,NA,FALSE,NA
13,859,22,NA,FALSE,NA
15,872,21,NA,FALSE,NA
16,885,20,NA,FALSE,NA
17,898,19,NA,FALSE,NA
18,911,18,NA,FALSE,NA
19,924,17,NA,FALSE,NA
20,937,16,NA,FALSE,NA
22,950,15,NA,FALSE,NA
23,963,14,NA,FALSE,NA
24,976,6,NA,FALSE,NA
25,989,13,NA,FALSE,NA
26,1002,12,NA,FALSE,NA
27,1015,4,NA,FALSE,NA
29,1028,11,NA,FALSE,NA
30,1041,10,NA,FALSE,NA
31,1054,9,NA,FALSE,NA
32,1067,8,NA,FALSE,NA
33,1080,7,NA,FALSE,NA
34,1093,6,NA,FALSE,NA
36,1106,5,NA,FALSE,NA
37,1118,4,NA,FALSE,NA
38,1130,3,NA,FALSE,NA
39,1142,2,NA,FALSE,NA
40,1154,1,NA,FALSE,NA
41,1165,0,NA,FALSE,NA
1,717,11,NA,FALSE,NA
2,730,8,NA,FALSE,NA
3,743,1,NA,FALSE,NA
4,756,0,NA,FALSE,NA
5,769,10,NA,FALSE,NA
6,782,23,NA,FALSE,NA
8,795,7,NA,FALSE,NA
9,808,16,NA,FALSE,NA
10,821,15,NA,FALSE,NA
11,834,9,NA,FALSE,NA
12,847,14,NA,FALSE,NA
13,860,22,NA,FALSE,NA
15,873,21,NA,FALSE,NA
16,886,20,NA,FALSE,NA
17,899,19,NA,FALSE,NA
18,912,18,NA,FALSE,NA
19,925,17,NA,FALSE,NA
20,938,16,NA,FALSE,NA
22,951,15,NA,FALSE,NA
23,964,14,NA,FALSE,NA
24,977,6,NA,FALSE,NA
25,990,13,NA,FALSE,NA
26,1003,12,NA,FALSE,NA
27,1016,4,NA,FALSE,NA
29,1029,11,NA,FALSE,NA
30,1042,10,NA,FALSE,NA
31,1055,9,NA,FALSE,NA
32,1068,8,NA,FALSE,NA
33,1081,7,NA,FALSE,NA
34,1094,6,NA,FALSE,NA
36,1107,5,NA,FALSE,NA
37,1119,4,NA,FALSE,NA
38,1131,3,NA,FALSE,NA
39,1143,2,NA,FALSE,NA
40,1155,1,NA,FALSE,NA
41,1166,0,NA,FALSE,NA
1,718,11,NA,FALSE,NA
2,731,8,NA,FALSE,NA
3,744,1,NA,FALSE,NA
4,757,0,NA,FALSE,NA
5,770,10,NA,FALSE,NA
6,783,23,NA,FALSE,NA
8,796,7,NA,FALSE,NA
9,809,16,NA,FALSE,NA
10,822,15,NA,FALSE,NA
11,835,9,NA,FALSE,NA
12,848,14,NA,FALSE,NA
13,861,22,NA,FALSE,NA
15,874,21,NA,FALSE,NA
16,887,20,NA,FALSE,NA
17,900,19,NA,FALSE,NA
18,913,18,NA,FALSE,NA
19,926,17,NA,FALSE,NA
20,939,16,NA,FALSE,NA
22,952,15,NA,FALSE,NA
23,965,14,NA,FALSE,NA
24,978,6,NA,FALSE,NA
25,991,13,NA,FALSE,NA
26,1004,12,NA,FALSE,NA
27,1017,4,NA,FALSE,NA
29,1030,11,NA,FALSE,NA
30,1043,10,NA,FALSE,NA
31,1056,9,NA,FALSE,NA
32,1069,8,NA,FALSE,NA
33,1082,7,NA,FALSE,NA
34,1095,6,NA,FALSE,NA
1,719,11,NA,FALSE,NA
2,732,8,NA,FALSE,NA
3,745,1,NA,FALSE,NA
4,758,0,NA,FALSE,NA
5,771,10,NA,FALSE,NA
6,784,23,NA,FALSE,NA
8,797,7,NA,FALSE,NA
9,810,16,NA,FALSE,NA
10,823,15,NA,FALSE,NA
11,836,9,NA,FALSE,NA
12,849,14,NA,FALSE,NA
13,862,22,NA,FALSE,NA
15,875,21,NA,FALSE,NA
16,888,20,NA,FALSE,NA
17,901,19,NA,FALSE,NA
18,914,18,NA,FALSE,NA
19,927,17,NA,FALSE,NA
20,940,16,NA,FALSE,NA
22,953,15,NA,FALSE,NA
23,966,14,NA,FALSE,NA
24,979,6,NA,FALSE,NA
25,992,13,NA,FALSE,NA
26,1005,12,NA,FALSE,NA
27,1018,4,NA,FALSE,NA
29,1031,11,NA,FALSE,NA
30,1044,10,NA,FALSE,NA
31,1057,9,NA,FALSE,NA
32,1070,8,NA,FALSE,NA
33,1083,7,NA,FALSE,NA
34,1096,6,NA,FALSE,NA
36,1108,5,NA,FALSE,NA
37,1120,4,NA,FALSE,NA
38,1132,3,NA,FALSE,NA
39,1144,2,NA,FALSE,NA
40,1156,1,NA,FALSE,NA
41,1167,0,NA,FALSE,NA
1,720,11,NA,FALSE,NA
2,733,8,NA,FALSE,NA
3,746,1,NA,FALSE,NA
4,759,0,NA,FALSE,NA
5,772,10,NA,FALSE,NA
6,785,23,NA,FALSE,NA
8,798,7,NA,FALSE,NA
9,811,16,NA,FALSE,NA
10,824,15,NA,FALSE,NA
11,837,9,NA,FALSE,NA
12,850,14,NA,FALSE,NA
13,863,22,NA,FALSE,NA
15,876,21,NA,FALSE,NA
16,889,20,NA,FALSE,NA
17,902,19,NA,FALSE,NA
18,915,18,NA,FALSE,NA
19,928,17,NA,FALSE,NA
20,941,16,NA,FALSE,NA
22,954,15,NA,FALSE,NA
23,967,14,NA,FALSE,NA
24,980,6,NA,FALSE,NA
25,993,13,NA,FALSE,NA
26,1006,12,NA,FALSE,NA
27,1019,4,NA,FALSE,NA
29,1032,11,NA,FALSE,NA
30,1045,10,NA,FALSE,NA
31,1058,9,NA,FALSE,NA
32,1071,8,NA,FALSE,NA
33,1084,7,NA,FALSE,NA
34,1097,6,NA,FALSE,NA
36,1109,5,NA,FALSE,NA
37,1121,4,NA,FALSE,NA
38,1133,3,NA,FALSE,NA
39,1145,2,NA,FALSE,NA
40,1157,1,NA,FALSE,NA
41,1168,0,NA,FALSE,NA
1,721,11,NA,FALSE,NA
2,734,8,NA,FALSE,NA
3,747,1,NA,FALSE,NA
4,760,0,NA,FALSE,NA
5,773,10,NA,FALSE,NA
6,786,23,NA,FALSE,NA
8,799,7,NA,FALSE,NA
9,812,16,NA,FALSE,NA
10,825,15,NA,FALSE,NA
11,838,9,NA,FALSE,NA
12,851,14,NA,FALSE,NA
13,864,22,NA,FALSE,NA
15,877,21,NA,FALSE,NA
16,890,20,NA,FALSE,NA
17,903,19,NA,FALSE,NA
18,916,18,NA,FALSE,NA
19,929,17,NA,FALSE,NA
20,942,16,NA,FALSE,NA
22,955,15,NA,FALSE,NA
23,968,14,NA,FALSE,NA
24,981,6,NA,FALSE,NA
25,994,13,NA,FALSE,NA
26,1007,12,NA,FALSE,NA
27,1020,4,NA,FALSE,NA
29,1033,11,NA,FALSE,NA
30,1046,10,NA,FALSE,NA
31,1059,9,NA,FALSE,NA
32,1072,8,NA,FALSE,NA
33,1085,7,NA,FALSE,NA
34,1098,6,NA,FALSE,NA
36,1110,5,NA,FALSE,NA
37,1122,4,NA,FALSE,NA
38,1134,3,NA,FALSE,NA
39,1146,2,NA,FALSE,NA
40,1158,1,NA,FALSE,NA
41,1169,0,NA,FALSE,NA
1,722,11,NA,FALSE,NA
2,735,8,NA,FALSE,NA
3,748,1,NA,FALSE,NA
4,761,0,NA,FALSE,NA
5,774,10,NA,FALSE,NA
6,787,23,NA,FALSE,NA
8,800,7,NA,FALSE,NA
9,813,16,NA,FALSE,NA
10,826,15,NA,FALSE,NA
11,839,9,NA,FALSE,NA
12,852,14,NA,FALSE,NA
13,865,22,NA,FALSE,NA
15,878,21,NA,FALSE,NA
16,891,20,NA,FALSE,NA
17,904,19,NA,FALSE,NA
18,917,18,NA,FALSE,NA
19,930,17,NA,FALSE,NA
20,943,16,NA,FALSE,NA
22,956,15,NA,FALSE,NA
23,969,14,NA,FALSE,NA
24,982,6,NA,FALSE,NA
25,995,13,NA,FALSE,NA
26,1008,12,NA,FALSE,NA
27,1021,4,NA,FALSE,NA
29,1034,11,NA,FALSE,NA
30,1047,10,NA,FALSE,NA
31,1060,9,NA,FALSE,NA
32,1073,8,NA,FALSE,NA
33,1086,7,NA,FALSE,NA
34,1099,6,NA,FALSE,NA
36,1111,5,NA,FALSE,NA
37,1123,4,NA,FALSE,NA
38,1135,3,NA,FALSE,NA
39,1147,2,NA,FALSE,NA
1,723,11,NA,FALSE,NA
2,736,8,NA,FALSE,NA
3,749,1,NA,FALSE,NA
4,762,0,NA,FALSE,NA
5,775,10,NA,FALSE,NA
6,788,23,NA,FALSE,NA
8,801,7,NA,FALSE,NA
9,814,16,NA,FALSE,NA
10,827,15,NA,FALSE,NA
11,840,9,NA,FALSE,NA
12,853,14,NA,FALSE,NA
13,866,22,NA,FALSE,NA
15,879,21,NA,FALSE,NA
16,892,20,NA,FALSE,NA
17,905,19,NA,FALSE,NA
18,918,18,NA,FALSE,NA
19,931,17,NA,FALSE,NA
20,944,16,NA,FALSE,NA
22,957,15,NA,FALSE,NA
23,970,14,NA,FALSE,NA
24,983,6,NA,FALSE,NA
25,996,13,NA,FALSE,NA
26,1009,12,NA,FALSE,NA
27,1022,4,NA,FALSE,NA
29,1035,11,NA,FALSE,NA
30,1048,10,NA,FALSE,NA
31,1061,9,NA,FALSE,NA
32,1074,8,NA,FALSE,NA
33,1087,7,NA,FALSE,NA
34,1100,6,NA,FALSE,NA
36,1112,5,NA,FALSE,NA
37,1124,4,NA,FALSE,NA
38,1136,3,NA,FALSE,NA
39,1148,2,NA,FALSE,NA
40,1159,1,NA,FALSE,NA
41,1170,0,NA,FALSE,NA
1,724,11,NA,FALSE,NA
2,737,8,NA,FALSE,NA
3,750,1,NA,FALSE,NA
4,763,0,NA,FALSE,NA
5,776,10,NA,FALSE,NA
6,789,23,NA,FALSE,NA
8,802,7,NA,FALSE,NA
9,815,16,NA,FALSE,NA
10,828,15,NA,FALSE,NA
11,841,9,NA,FALSE,NA
12,854,14,NA,FALSE,NA
13,867,22,NA,FALSE,NA
15,880,21,NA,FALSE,NA
16,893,20,NA,FALSE,NA
17,906,19,NA,FALSE,NA
18,919,18,NA,FALSE,NA
19,932,17,NA,FALSE,NA
20,945,16,NA,FALSE,NA
22,958,15,NA,FALSE,NA
23,971,14,NA,FALSE,NA
24,984,6,NA,FALSE,NA
25,997,13,NA,FALSE,NA
26,1010,12,NA,FALSE,NA
27,1023,4,NA,FALSE,NA
29,1036,11,NA,FALSE,NA
30,1049,10,NA,FALSE,NA
31,1062,9,NA,FALSE,NA
32,1075,8,NA,FALSE,NA
33,1088,7,NA,FALSE,NA
34,1101,6,NA,FALSE,NA
36,1113,5,NA,FALSE,NA
37,1125,4,NA,FALSE,NA
38,1137,3,NA,FALSE,NA
39,1149,2,NA,FALSE,NA
40,1160,1,NA,FALSE,NA
41,1171,0,NA,FALSE,NA
1,1176,32,NA,FALSE,NA
2,1187,35,NA,FALSE,NA
3,1198,26,NA,FALSE,NA
4,1209,25,NA,FALSE,NA
5,1220,34,NA,FALSE,NA
6,1231,47,NA,FALSE,NA
8,1242,31,NA,FALSE,NA
9,1253,40,NA,FALSE,NA
10,1264,39,NA,FALSE,NA
11,1275,33,NA,FALSE,NA
12,1286,38,NA,FALSE,NA
13,1297,46,NA,FALSE,NA
15,1308,45,NA,FALSE,NA
16,1319,44,NA,FALSE,NA
17,1330,43,NA,FALSE,NA
18,1341,42,NA,FALSE,NA
19,1352,41,NA,FALSE,NA
20,1363,40,NA,FALSE,NA
22,1374,39,NA,FALSE,NA
23,1385,38,NA,FALSE,NA
24,1396,30,NA,FALSE,NA
25,1407,37,NA,FALSE,NA
26,1418,36,NA,FALSE,NA
27,1429,28,NA,FALSE,NA
29,1440,35,NA,FALSE,NA
30,1451,34,NA,FALSE,NA
31,1462,33,NA,FALSE,NA
32,1473,32,NA,FALSE,NA
33,1484,31,NA,FALSE,NA
34,1495,30,NA,FALSE,NA
36,1505,29,NA,FALSE,NA
37,1515,28,NA,FALSE,NA
38,1524,27,NA,FALSE,NA
39,1533,26,NA,FALSE,NA
40,1542,25,NA,FALSE,NA
41,1551,24,NA,FALSE,NA
1,1177,32,NA,FALSE,NA
2,1188,35,NA,FALSE,NA
3,1199,26,NA,FALSE,NA
4,1210,25,NA,FALSE,NA
5,1221,34,NA,FALSE,NA
6,1232,47,NA,FALSE,NA
8,1243,31,NA,FALSE,NA
9,1254,40,NA,FALSE,NA
10,1265,39,NA,FALSE,NA
11,1276,33,NA,FALSE,NA
12,1287,38,NA,FALSE,NA
13,1298,46,NA,FALSE,NA
15,1309,45,NA,FALSE,NA
16,1320,44,NA,FALSE,NA
17,1331,43,NA,FALSE,NA
18,1342,42,NA,FALSE,NA
19,1353,41,NA,FALSE,NA
20,1364,40,NA,FALSE,NA
22,1375,39,NA,FALSE,NA
23,1386,38,NA,FALSE,NA
24,1397,30,NA,FALSE,NA
25,1408,37,NA,FALSE,NA
26,1419,36,NA,FALSE,NA
27,1430,28,NA,FALSE,NA
29,1441,35,NA,FALSE,NA
30,1452,34,NA,FALSE,NA
31,1463,33,NA,FALSE,NA
32,1474,32,NA,FALSE,NA
33,1485,31,NA,FALSE,NA
34,1496,30,NA,FALSE,NA
36,1506,29,NA,FALSE,NA
37,1516,28,NA,FALSE,NA
38,1525,27,NA,FALSE,NA
39,1534,26,NA,FALSE,NA
40,1543,25,NA,FALSE,NA
41,1552,24,NA,FALSE,NA
1,1178,32,NA,FALSE,NA
2,1189,35,NA,FALSE,NA
3,1200,26,NA,FALSE,NA
4,1211,25,NA,FALSE,NA
5,1222,34,NA,FALSE,NA
6,1233,47,NA,FALSE,NA
8,1244,31,NA,FALSE,NA
9,1255,40,NA,FALSE,NA
10,1266,39,NA,FALSE,NA
11,1277,33,NA,FALSE,NA
12,1288,38,NA,FALSE,NA
13,1299,46,NA,FALSE,NA
15,1310,45,NA,FALSE,NA
16,1321,44,NA,FALSE,NA
17,1332,43,NA,FALSE,NA
18,1343,42,NA,FALSE,NA
19,1354,41,NA,FALSE,NA
20,1365,40,NA,FALSE,NA
22,1376,39,NA,FALSE,NA
23,1387,38,NA,FALSE,NA
24,1398,30,NA,FALSE,NA
25,1409,37,NA,FALSE,NA
26,1420,36,NA,FALSE,NA
27,1431,28,NA,FALSE,NA
29,1442,35,NA,FALSE,NA
30,1453,34,NA,FALSE,NA
31,1464,33,NA,FALSE,NA
32,1475,32,NA,FALSE,NA
33,1486,31,NA,FALSE,NA
34,1497,30,NA,FALSE,NA
36,1507,29,NA,FALSE,NA
37,1517,28,NA,FALSE,NA
38,1526,27,NA,FALSE,NA
39,1535,26,NA,FALSE,NA
40,1544,25,NA,FALSE,NA
41,1553,24,NA,FALSE,NA
1,1179,32,NA,FALSE,NA
2,1190,35,NA,FALSE,NA
3,1201,26,NA,FALSE,NA
4,1212,25,NA,FALSE,NA
5,1223,34,NA,FALSE,NA
6,1234,47,NA,FALSE,NA
8,1245,31,NA,FALSE,NA
9,1256,40,NA,FALSE,NA
10,1267,39,NA,FALSE,NA
11,1278,33,NA,FALSE,NA
12,1289,38,NA,FALSE,NA
13,1300,46,NA,FALSE,NA
15,1311,45,NA,FALSE,NA
16,1322,44,NA,FALSE,NA
17,1333,43,NA,FALSE,NA
18,1344,42,NA,FALSE,NA
19,1355,41,NA,FALSE,NA
20,1366,40,NA,FALSE,NA
22,1377,39,NA,FALSE,NA
23,1388,38,NA,FALSE,NA
24,1399,30,NA,FALSE,NA
25,1410,37,NA,FALSE,NA
26,1421,36,NA,FALSE,NA
27,1432,28,NA,FALSE,NA
29,1443,35,NA,FALSE,NA
30,1454,34,NA,FALSE,NA
31,1465,33,NA,FALSE,NA
32,1476,32,NA,FALSE,NA
33,1487,31,NA,FALSE,NA
34,1498,30,NA,FALSE,NA
36,1508,29,NA,FALSE,NA
37,1518,28,NA,FALSE,NA
38,1527,27,NA,FALSE,NA
39,1536,26,NA,FALSE,NA
40,1545,25,NA,FALSE,NA
41,1554,24,NA,FALSE,NA
1,1180,32,NA,FALSE,NA
2,1191,35,NA,FALSE,NA
3,1202,26,NA,FALSE,NA
4,1213,25,NA,FALSE,NA
5,1224,34,NA,FALSE,NA
6,1235,47,NA,FALSE,NA
8,1246,31,NA,FALSE,NA
9,1257,40,NA,FALSE,NA
10,1268,39,NA,FALSE,NA
11,1279,33,NA,FALSE,NA
12,1290,38,NA,FALSE,NA
13,1301,46,NA,FALSE,NA
15,1312,45,NA,FALSE,NA
16,1323,44,NA,FALSE,NA
17,1334,43,NA,FALSE,NA
18,1345,42,NA,FALSE,NA
19,1356,41,NA,FALSE,NA
20,1367,40,NA,FALSE,NA
22,1378,39,NA,FALSE,NA
23,1389,38,NA,FALSE,NA
24,1400,30,NA,FALSE,NA
25,1411,37,NA,FALSE,NA
26,1422,36,NA,FALSE,NA
27,1433,28,NA,FALSE,NA
29,1444,35,NA,FALSE,NA
30,1455,34,NA,FALSE,NA
31,1466,33,NA,FALSE,NA
32,1477,32,NA,FALSE,NA
33,1488,31,NA,FALSE,NA
34,1499,30,NA,FALSE,NA
36,1509,29,NA,FALSE,NA
37,1519,28,NA,FALSE,NA
38,1528,27,NA,FALSE,NA
39,1537,26,NA,FALSE,NA
40,1546,25,NA,FALSE,NA
41,1555,24,NA,FALSE,NA
1,1181,32,NA,FALSE,NA
2,1192,35,NA,FALSE,NA
3,1203,26,NA,FALSE,NA
4,1214,25,NA,FALSE,NA
5,1225,34,NA,FALSE,NA
6,1236,47,NA,FALSE,NA
8,1247,31,NA,FALSE,NA
9,1258,40,NA,FALSE,NA
10,1269,39,NA,FALSE,NA
11,1280,33,NA,FALSE,NA
12,1291,38,NA,FALSE,NA
13,1302,46,NA,FALSE,NA
15,1313,45,NA,FALSE,NA
16,1324,44,NA,FALSE,NA
17,1335,43,NA,FALSE,NA
18,1346,42,NA,FALSE,NA
19,1357,41,NA,FALSE,NA
20,1368,40,NA,FALSE,NA
22,1379,39,NA,FALSE,NA
23,1390,38,NA,FALSE,NA
24,1401,30,NA,FALSE,NA
25,1412,37,NA,FALSE,NA
26,1423,36,NA,FALSE,NA
27,1434,28,NA,FALSE,NA
29,1445,35,NA,FALSE,NA
30,1456,34,NA,FALSE,NA
31,1467,33,NA,FALSE,NA
32,1478,32,NA,FALSE,NA
33,1489,31,NA,FALSE,NA
34,1500,30,NA,FALSE,NA
36,1510,29,NA,FALSE,NA
37,1520,28,NA,FALSE,NA
38,1529,27,NA,FALSE,NA
39,1538,26,NA,FALSE,NA
40,1547,25,NA,FALSE,NA
41,1556,24,NA,FALSE,NA
1,1182,32,NA,FALSE,NA
2,1193,35,NA,FALSE,NA
3,1204,26,NA,FALSE,NA
4,1215,25,NA,FALSE,NA
5,1226,34,NA,FALSE,NA
6,1237,47,NA,FALSE,NA
8,1248,31,NA,FALSE,NA
9,1259,40,NA,FALSE,NA
10,1270,39,NA,FALSE,NA
11,1281,33,NA,FALSE,NA
12,1292,38,NA,FALSE,NA
13,1303,46,NA,FALSE,NA
15,1314,45,NA,FALSE,NA
16,1325,44,NA,FALSE,NA
17,1336,43,NA,FALSE,NA
18,1347,42,NA,FALSE,NA
19,1358,41,NA,FALSE,NA
20,1369,40,NA,FALSE,NA
22,1380,39,NA,FALSE,NA
23,1391,38,NA,FALSE,NA
24,1402,30,NA,FALSE,NA
25,1413,37,NA,FALSE,NA
26,1424,36,NA,FALSE,NA
27,1435,28,NA,FALSE,NA
29,1446,35,NA,FALSE,NA
30,1457,34,NA,FALSE,NA
31,1468,33,NA,FALSE,NA
32,1479,32,NA,FALSE,NA
33,1490,31,NA,FALSE,NA
34,1501,30,NA,FALSE,NA
36,1511,29,NA,FALSE,NA
37,1521,28,NA,FALSE,NA
38,1530,27,NA,FALSE,NA
39,1539,26,NA,FALSE,NA
40,1548,25,NA,FALSE,NA
41,1557,24,NA,FALSE,NA
1,1183,32,NA,FALSE,NA
2,1194,35,NA,FALSE,NA
3,1205,26,NA,FALSE,NA
4,1216,25,NA,FALSE,NA
5,1227,34,NA,FALSE,NA
6,1238,47,NA,FALSE,NA
8,1249,31,NA,FALSE,NA
9,1260,40,NA,FALSE,NA
10,1271,39,NA,FALSE,NA
11,1282,33,NA,FALSE,NA
12,1293,38,NA,FALSE,NA
13,1304,46,NA,FALSE,NA
15,1315,45,NA,FALSE,NA
16,1326,44,NA,FALSE,NA
17,1337,43,NA,FALSE,NA
18,1348,42,NA,FALSE,NA
19,1359,41,NA,FALSE,NA
20,1370,40,NA,FALSE,NA
22,1381,39,NA,FALSE,NA
23,1392,38,NA,FALSE,NA
24,1403,30,NA,FALSE,NA
25,1414,37,NA,FALSE,NA
26,1425,36,NA,FALSE,NA
27,1436,28,NA,FALSE,NA
29,1447,35,NA,FALSE,NA
30,1458,34,NA,FALSE,NA
31,1469,33,NA,FALSE,NA
32,1480,32,NA,FALSE,NA
33,1491,31,NA,FALSE,NA
1,725,11,NA,FALSE,NA
2,738,8,NA,FALSE,NA
3,751,1,NA,FALSE,NA
4,764,0,NA,FALSE,NA
5,777,10,NA,FALSE,NA
6,790,23,NA,FALSE,NA
8,803,7,NA,FALSE,NA
9,816,16,NA,FALSE,NA
10,829,15,NA,FALSE,NA
11,842,9,NA,FALSE,NA
12,855,14,NA,FALSE,NA
13,868,22,NA,FALSE,NA
15,881,21,NA,FALSE,NA
16,894,20,NA,FALSE,NA
17,907,19,NA,FALSE,NA
18,920,18,NA,FALSE,NA
19,933,17,NA,FALSE,NA
20,946,16,NA,FALSE,NA
22,959,15,NA,FALSE,NA
23,972,14,NA,FALSE,NA
24,985,6,NA,FALSE,NA
25,998,13,NA,FALSE,NA
26,1011,12,NA,FALSE,NA
27,1024,4,NA,FALSE,NA
29,1037,11,NA,FALSE,NA
30,1050,10,NA,FALSE,NA
31,1063,9,NA,FALSE,NA
32,1076,8,NA,FALSE,NA
33,1089,7,NA,FALSE,NA
34,1102,6,NA,FALSE,NA
36,1114,5,NA,FALSE,NA
37,1126,4,NA,FALSE,NA
38,1138,3,NA,FALSE,NA
39,1150,2,NA,FALSE,NA
40,1161,1,NA,FALSE,NA
41,1172,0,NA,FALSE,NA
1,726,11,NA,FALSE,NA
2,739,8,NA,FALSE,NA
3,752,1,NA,FALSE,NA
4,765,0,NA,FALSE,NA
5,778,10,NA,FALSE,NA
6,791,23,NA,FALSE,NA
8,804,7,NA,FALSE,NA
9,817,16,NA,FALSE,NA
10,830,15,NA,FALSE,NA
11,843,9,NA,FALSE,NA
12,856,14,NA,FALSE,NA
13,869,22,NA,FALSE,NA
15,882,21,NA,FALSE,NA
16,895,20,NA,FALSE,NA
17,908,19,NA,FALSE,NA
18,921,18,NA,FALSE,NA
19,934,17,NA,FALSE,NA
20,947,16,NA,FALSE,NA
22,960,15,NA,FALSE,NA
23,973,14,NA,FALSE,NA
24,986,6,NA,FALSE,NA
25,999,13,NA,FALSE,NA
26,1012,12,NA,FALSE,NA
27,1025,4,NA,FALSE,NA
29,1038,11,NA,FALSE,NA
30,1051,10,NA,FALSE,NA
31,1064,9,NA,FALSE,NA
32,1077,8,NA,FALSE,NA
33,1090,7,NA,FALSE,NA
34,1103,6,NA,FALSE,NA
36,1115,5,NA,FALSE,NA
37,1127,4,NA,FALSE,NA
38,1139,3,NA,FALSE,NA
39,1151,2,NA,FALSE,NA
40,1162,1,NA,FALSE,NA
41,1173,0,NA,FALSE,NA
1,1184,32,NA,FALSE,NA
2,1195,35,NA,FALSE,NA
3,1206,26,NA,FALSE,NA
4,1217,25,NA,FALSE,NA
5,1228,34,NA,FALSE,NA
6,1239,47,NA,FALSE,NA
8,1250,31,NA,FALSE,NA
9,1261,40,NA,FALSE,NA
10,1272,39,NA,FALSE,NA
11,1283,33,NA,FALSE,NA
12,1294,38,NA,FALSE,NA
13,1305,46,NA,FALSE,NA
15,1316,45,NA,FALSE,NA
16,1327,44,NA,FALSE,NA
17,1338,43,NA,FALSE,NA
18,1349,42,NA,FALSE,NA
19,1360,41,NA,FALSE,NA
20,1371,40,NA,FALSE,NA
22,1382,39,NA,FALSE,NA
23,1393,38,NA,FALSE,NA
24,1404,30,NA,FALSE,NA
25,1415,37,NA,FALSE,NA
26,1426,36,NA,FALSE,NA
27,1437,28,NA,FALSE,NA
29,1448,35,NA,FALSE,NA
30,1459,34,NA,FALSE,NA
31,1470,33,NA,FALSE,NA
32,1481,32,NA,FALSE,NA
33,1492,31,NA,FALSE,NA
34,1502,30,NA,FALSE,NA
36,1512,29,NA,FALSE,NA
37,1522,28,NA,FALSE,NA
38,1531,27,NA,FALSE,NA
39,1540,26,NA,FALSE,NA
40,1549,25,NA,FALSE,NA
41,1558,24,NA,FALSE,NA
1,444,24,NA,FALSE,NA
2,452,25,NA,FALSE,NA
3,460,26,NA,FALSE,NA
4,468,27,NA,FALSE,NA
5,476,28,NA,FALSE,NA
6,484,29,NA,FALSE,NA
8,492,30,NA,FALSE,NA
9,500,31,NA,FALSE,NA
10,508,32,NA,FALSE,NA
11,516,33,NA,FALSE,NA
12,524,34,NA,FALSE,NA
13,532,35,NA,FALSE,NA
15,540,28,NA,FALSE,NA
16,548,36,NA,FALSE,NA
17,556,37,NA,FALSE,NA
18,564,30,NA,FALSE,NA
19,572,38,NA,FALSE,NA
20,580,39,NA,FALSE,NA
22,588,40,NA,FALSE,NA
23,596,41,NA,FALSE,NA
24,604,42,NA,FALSE,NA
25,612,43,NA,FALSE,NA
26,620,44,NA,FALSE,NA
27,628,45,NA,FALSE,NA
29,636,46,NA,FALSE,NA
30,644,38,NA,FALSE,NA
31,652,33,NA,FALSE,NA
32,660,39,NA,FALSE,NA
33,667,40,NA,FALSE,NA
34,674,31,NA,FALSE,NA
36,681,47,NA,FALSE,NA
37,688,34,NA,FALSE,NA
38,695,25,NA,FALSE,NA
39,702,26,NA,FALSE,NA
40,709,32,NA,FALSE,NA
41,715,35,NA,FALSE,NA
1,727,11,NA,FALSE,NA
2,740,8,NA,FALSE,NA
3,753,1,NA,FALSE,NA
4,766,0,NA,FALSE,NA
5,779,10,NA,FALSE,NA
6,792,23,NA,FALSE,NA
8,805,7,NA,FALSE,NA
9,818,16,NA,FALSE,NA
10,831,15,NA,FALSE,NA
11,844,9,NA,FALSE,NA
12,857,14,NA,FALSE,NA
13,870,22,NA,FALSE,NA
15,883,21,NA,FALSE,NA
16,896,20,NA,FALSE,NA
17,909,19,NA,FALSE,NA
18,922,18,NA,FALSE,NA
19,935,17,NA,FALSE,NA
20,948,16,NA,FALSE,NA
22,961,15,NA,FALSE,NA
23,974,14,NA,FALSE,NA
24,987,6,NA,FALSE,NA
25,1000,13,NA,FALSE,NA
26,1013,12,NA,FALSE,NA
27,1026,4,NA,FALSE,NA
29,1039,11,NA,FALSE,NA
30,1052,10,NA,FALSE,NA
31,1065,9,NA,FALSE,NA
32,1078,8,NA,FALSE,NA
33,1091,7,NA,FALSE,NA
34,1104,6,NA,FALSE,NA
36,1116,5,NA,FALSE,NA
37,1128,4,NA,FALSE,NA
38,1140,3,NA,FALSE,NA
39,1152,2,NA,FALSE,NA
40,1163,1,NA,FALSE,NA
41,1174,0,NA,FALSE,NA
1,1185,32,NA,FALSE,NA
2,1196,35,NA,FALSE,NA
3,1207,26,NA,FALSE,NA
4,1218,25,NA,FALSE,NA
5,1229,34,NA,FALSE,NA
6,1240,47,NA,FALSE,NA
8,1251,31,NA,FALSE,NA
9,1262,40,NA,FALSE,NA
10,1273,39,NA,FALSE,NA
11,1284,33,NA,FALSE,NA
12,1295,38,NA,FALSE,NA
13,1306,46,NA,FALSE,NA
15,1317,45,NA,FALSE,NA
16,1328,44,NA,FALSE,NA
17,1339,43,NA,FALSE,NA
18,1350,42,NA,FALSE,NA
19,1361,41,NA,FALSE,NA
20,1372,40,NA,FALSE,NA
22,1383,39,NA,FALSE,NA
23,1394,38,NA,FALSE,NA
24,1405,30,NA,FALSE,NA
25,1416,37,NA,FALSE,NA
26,1427,36,NA,FALSE,NA
27,1438,28,NA,FALSE,NA
29,1449,35,NA,FALSE,NA
30,1460,34,NA,FALSE,NA
31,1471,33,NA,FALSE,NA
32,1482,32,NA,FALSE,NA
33,1493,31,NA,FALSE,NA
34,1503,30,NA,FALSE,NA
36,1513,29,NA,FALSE,NA
37,1523,28,NA,FALSE,NA
38,1532,27,NA,FALSE,NA
39,1541,26,NA,FALSE,NA
40,1550,25,NA,FALSE,NA
41,1559,24,NA,FALSE,NA
1,728,11,NA,FALSE,NA
2,741,8,NA,FALSE,NA
3,754,1,NA,FALSE,NA
4,767,0,NA,FALSE,NA
5,780,10,NA,FALSE,NA
6,793,23,NA,FALSE,NA
8,806,7,NA,FALSE,NA
9,819,16,NA,FALSE,NA
10,832,15,NA,FALSE,NA
11,845,9,NA,FALSE,NA
12,858,14,NA,FALSE,NA
13,871,22,NA,FALSE,NA
15,884,21,NA,FALSE,NA
16,897,20,NA,FALSE,NA
17,910,19,NA,FALSE,NA
18,923,18,NA,FALSE,NA
19,936,17,NA,FALSE,NA
20,949,16,NA,FALSE,NA
22,962,15,NA,FALSE,NA
23,975,14,NA,FALSE,NA
24,988,6,NA,FALSE,NA
25,1001,13,NA,FALSE,NA
26,1014,12,NA,FALSE,NA
27,1027,4,NA,FALSE,NA
29,1040,11,NA,FALSE,NA
30,1053,10,NA,FALSE,NA
31,1066,9,NA,FALSE,NA
32,1079,8,NA,FALSE,NA
33,1092,7,NA,FALSE,NA
34,1105,6,NA,FALSE,NA
36,1117,5,NA,FALSE,NA
37,1129,4,NA,FALSE,NA
38,1141,3,NA,FALSE,NA
39,1153,2,NA,FALSE,NA
40,1164,1,NA,FALSE,NA
41,1175,0,NA,FALSE,NA
1,1186,32,NA,FALSE,NA
2,1197,35,NA,FALSE,NA
3,1208,26,NA,FALSE,NA
4,1219,25,NA,FALSE,NA
5,1230,34,NA,FALSE,NA
6,1241,47,NA,FALSE,NA
8,1252,31,NA,FALSE,NA
9,1263,40,NA,FALSE,NA
10,1274,39,NA,FALSE,NA
11,1285,33,NA,FALSE,NA
12,1296,38,NA,FALSE,NA
13,1307,46,NA,FALSE,NA
15,1318,45,NA,FALSE,NA
16,1329,44,NA,FALSE,NA
17,1340,43,NA,FALSE,NA
18,1351,42,NA,FALSE,NA
19,1362,41,NA,FALSE,NA
20,1373,40,NA,FALSE,NA
22,1384,39,NA,FALSE,NA
23,1395,38,NA,FALSE,NA
24,1406,30,NA,FALSE,NA
25,1417,37,NA,FALSE,NA
26,1428,36,NA,FALSE,NA
27,1439,28,NA,FALSE,NA
29,1450,35,NA,FALSE,NA
30,1461,34,NA,FALSE,NA
31,1472,33,NA,FALSE,NA
32,1483,32,NA,FALSE,NA
33,1494,31,NA,FALSE,NA
34,1504,30,NA,FALSE,NA
36,1514,29,NA,FALSE,NA
